flavor|caramel|vanilla|chocolate|cardamom|cinnamon|hazelnut|peppermint|maple|pumpkin|blueberry|raspberry
extrashots|oneShot|twoShot|threeShot|fourShot
espresso|withwater|extrashots
size|size5|size8|size12|size16
milk|milkWhole|milkOat|milkAlmond
temp|tempHot|tempCold
latte|size|milk|temp|extrashots
cappucino|size|milk|temp|extrashots
cortado|size|milk|temp|extrashots
pourover|size|milk|extrashots
coldbrew|size|milk|extrashots
batchbrew|size|milk|extrashots
matchalatte|size|milk|temp|extrashots
water|size|temp
hotchocolate|size|milk
brewedtea|size|milk|extrashots
croissant
macaron|flavor
muffin|flavor
cookie
baggedcoffee|ground|whole